{
	"info": {
		"_postman_id": "476d3540-362a-44fa-90f0-5f568254f653",
		"name": "Prktikum Laravel",
		"schema": "https://schema.getpostman.com/json/collection/v2.0.0/collection.json",
		"_exporter_id": "31592062"
	},
	"item": [
		{
			"name": "Get All Product Category",
			"request": {
				"method": "GET",
				"header": []
			},
			"response": []
		},
		{
			"name": "Get Product Category By ID",
			"request": {
				"method": "GET",
				"header": []
			},
			"response": []
		},
		{
			"name": "Create Product Category",
			"request": {
				"method": "POST",
				"header": []
			},
			"response": []
		},
		{
			"name": "Update Product Category",
			"request": {
				"method": "PUT",
				"header": []
			},
			"response": []
		},
		{
			"name": "Delete Product Category",
			"request": {
				"method": "DELETE",
				"header": []
			},
			"response": []
		}
	]
}